Invoice Number,Processed Invoice Number,Type
Invoice Number,Processed Invoice Number,Adults
Invoice Number,INV-,Adults
Invoice Number,INV-,Adults
INV 1023,INV-001023,Kids
INVOICE 10369,INV-10369,Adults
INV 10328,INV-10328,Adults
INV 977,INV-000977,Kids
INV 779,INV-000779,Kids
INV 10352,INV-10352,Adults
INVOICE 10312,INV-10312,Adults
INV 794,INV-000794,Kids
INV 950,INV-000950,Kids
INV 783,INV-000783,Kids
INV 795,INV-000795,Kids
INV 10351,INV-10351,Adults
INVOICE 10349,INV-10349,Adults
INVOICE 10348,INV-10348,Adults
INVOICE 10205,INV-10205,Adults
INVOICE 10199,INV-10199,Adults
INV 966,INV-000966,Kids
INV 987,INV-000987,Kids
INV 1010,INV-001010,Kids
invoice 10197,INV-10197,Adults
INV 1009,INV-001009,Kids
INV 1008,INV-001008,Kids
INVOICE 10231,INV-10231,Adults
invoice 10212,INV-10212,Adults
INV 9789,INV-9789,Adults
invoice 10282,INV-10282,Adults
INV 10245,INV-10245,Adults
INV 10317,INV-10317,Adults
INV 1007,INV-001007,Kids
INVOICE 10202,INV-10202,Adults
invoice 10266,INV-10266,Adults
invoice 10327,INV-10327,Adults
INVOICE 9906,INV-9906,Adults
INVOICE 10195,INV-10195,Adults
INV 878,INV-000878,Kids
INVOICE 10335,INV-10335,Adults
INV 813,INV-000813,Kids
invoice 10329,INV-10329,Adults
INVOICE 9419,INV-9419,Adults
INVOICE 10288,INV-10288,Adults
INVOICE 10260,INV-10260,Adults
INVOICE 10214,INV-10214,Adults
invoice 9666,INV-9666,Adults
invoice 10191,INV-10191,Adults
INV 10301,INV-10301,Adults
INVOICE 9699,INV-9699,Adults
invoice 9914,INV-9914,Adults
INVOICE 9936,INV-9936,Adults
INVOICE 10265,INV-10265,Adults
INVOICE 10188,INV-10188,Adults
invoice 9773,INV-9773,Adults
INVOICE 10219,INV-10219,Adults
INVOICE 10111,INV-10111,Adults
INVOICE 9844,INV-9844,Adults
INVOICE 10081,INV-10081,Adults
invoice 10083,INV-10083,Adults
INVOICE 10116,INV-10116,Adults
INVOICE 10223,INV-10223,Adults
INVOICE 10229,INV-10229,Adults
invoice 10270,INV-10270,Adults
INV 954,INV-000954,Kids
INV 955,INV-000955,Kids
INV 759,INV-000759,Kids
INV 884,INV-000884,Kids
INV 884,INV-000884,Kids
INV 756,INV-000756,Kids
INV 953,INV-000953,Kids
INVOICE 9913,INV-9913,Adults
INVOICE 9843,INV-9843,Adults
invoice 9922,INV-9922,Adults
INV 104,INV-000104,Kids
inv 10319,INV-10319,Adults
INV 849,INV-000849,Kids
INVOICE 9950,INV-9950,Adults
invoice 10300,INV-10300,Adults
invoice 10038,INV-10038,Adults
INV 875,INV-000875,Kids
INV 10305,INV-10305,Adults
INV 865,INV-000865,Kids
INV 803,INV-000803,Kids
INV 10303,INV-10303,Adults
INV 917,INV-000917,Kids
INV 970,INV-000970,Kids
INV 972,INV-000972,Kids
INV 912,INV-000912,Kids
INV 812,INV-000812,Kids
INV 827,INV-000827,Kids
INV 809,INV-000809,Kids
INV 857,INV-000857,Kids
INV 768,INV-000768,Kids
792,INV-000792,Kids
INV 10162,INV-10162,Adults
INV 9834,INV-9834,Adults
INV 887,INV-000887,Kids
INV 888,INV-000888,Kids
INV 866,INV-000866,Kids
INV 892,INV-000892,Kids
INV 980,INV-000980,Kids
INV 981,INV-000981,Kids
INV 10298,INV-10298,Adults
INV 9716,INV-9716,Adults
INV 9813,INV-9813,Adults
INV 908,INV-000908,Kids
INV 906,INV-000906,Kids
INV 831,INV-000831,Kids
INV 10284,INV-10284,Adults
INVOICE 10238,INV-10238,Adults
INV 9827,INV-9827,Adults
INV 919,INV-000919,Kids
INV 935,INV-000935,Kids
INV 890,INV-000890,Kids
INV 901,INV-000901,Kids
INV 886,INV-000886,Kids
invoice 10230,INV-10230,Adults
INV 10285,INV-10285,Adults
INV 10279,INV-10279,Adults
INV 10227,INV-10227,Adults
INVOICE 9649,INV-9649,Adults
INV 891,INV-000891,Kids
invoice 10292,INV-10292,Adults
INV 933,INV-000933,Kids
INV 913,INV-000913,Kids
INV 914,INV-000914,Kids
INV 10164,INV-10164,Adults
INV 10048,INV-10048,Adults
INV 754,INV-000754,Kids
INV 850,INV-000850,Kids
INV 837,INV-000837,Kids
INV 881,INV-000881,Kids
invoice 9931,INV-9931,Adults
INV 836,INV-000836,Kids
INV 877,INV-000877,Kids
INV 869,INV-000869,Kids
INV 873,INV-000873,Kids
INV 821,INV-000821,Kids
INV 823,INV-000823,Kids
INV 835,INV-000835,Kids
INV 838,INV-000838,Kids
INV 840,INV-000840,Kids
INV 839,INV-000839,Kids
INV 868,INV-000868,Kids
INV 862,INV-000862,Kids
INV 858,INV-000858,Kids
INVOICE 10272,INV-10272,Adults
INV 10291,INV-10291,Adults
invoice 9622,INV-9622,Adults
INVOICE 9905,INV-9905,Adults
INV 10287,INV-10287,Adults
INV 817,INV-000817,Kids
INV 770,INV-000770,Kids
INV 816,INV-000816,Kids
INV 815,INV-000815,Kids
INV 814,INV-000814,Kids
INV 811,INV-000811,Kids
INV 810,INV-000810,Kids
INV 808,INV-000808,Kids
INV 807,INV-000807,Kids
INV 806,INV-000806,Kids
INV 801,INV-000801,Kids
INV 800,INV-000800,Kids
INV 793,INV-000793,Kids
invoice 9676,INV-9676,Adults
invoice 9900,INV-9900,Adults
INV 797,INV-000797,Kids
INV 791,INV-000791,Kids
INV 796,INV-000796,Kids
INV 854,INV-000854,Kids
INV 635,INV-000635,Kids
invoice 10274,INV-10274,Adults
INV 10268,INV-10268,Adults
INV 10268,INV-10268,Adults
INV 10278,INV-10278,Adults
INV 10286,INV-10286,Adults
INV 10283,INV-10283,Adults
INV 10277,INV-10277,Adults
INV 10262,INV-10262,Adults
INV 10267,INV-10267,Adults
INV 10263,INV-10263,Adults
